{"cameraMode":{"drawMode":0,"name":"Shaded","section":"Shading Mode"},"sceneLighting":true,"audioPlay":false,"sceneViewState":{"showFog":true,"showMaterialUpdate":false,"showSkybox":true,"showFlares":true,"showImageEffects":true,"showParticleSystems":true},"in2DMode":false,"pivot":{"x":-1023.533203125,"y":-22.956520080566408,"z":480.16375732421877},"rotation":{"x":-0.3699796795845032,"y":-0.1564868539571762,"z":0.0615774542093277,"w":-0.9141121506690979},"size":189.84307861328126,"orthographic":false}