{"cameraMode":{"drawMode":0,"name":"Shaded","section":"Shading Mode"},"sceneLighting":true,"audioPlay":false,"sceneViewState":{"showFog":true,"showMaterialUpdate":false,"showSkybox":true,"showFlares":true,"showImageEffects":true,"showParticleSystems":true},"in2DMode":false,"pivot":{"x":0.2729458808898926,"y":0.40866416692733767,"z":0.12379027158021927},"rotation":{"x":-0.2096855342388153,"y":0.07091496884822846,"z":-0.015244792215526104,"w":-0.9751191735267639},"size":11.875408172607422,"orthographic":false}